Product ID,Product Name,Variant ID,Variant Option/Size,Selling Price (Current),MRP (Original)
mehandi-powder-5-filters,Mehandi Powder (5 Filters),mehandi-powder-5-filter-500gm,500 gm,200,250
mehandi-powder-5-filters,Mehandi Powder (5 Filters),mehandi-powder-5-filters-1-kg,1 kg,380,500
lion-special-mix-oil,Bridal Special Mix Oil,lion-special-mix-oil-8211-100ml,100 ml,220,300
lion-special-mix-oil,Bridal Special Mix Oil,lion-special-mix-oil-8211-500ml,500 ml,850,1200
lion-special-mix-oil,Bridal Special Mix Oil,lion-special-mix-oil-8211-1-ltr,1 Ltr,1550,2000
mehandi-mix-oil-yellow,Mehandi Mix Oil (Yellow),mehandi-mix-oil-yellow-8211-100-ml,100 ml,170,250
mehandi-mix-oil-yellow,Mehandi Mix Oil (Yellow),mehandi-mix-oil-yellow-8211-500-ml,500 ml,700,1000
mehandi-mix-oil-yellow,Mehandi Mix Oil (Yellow),mehandi-mix-oil-yellow-8211-1-ltr,1 Ltr,1350,1599
mehandi-mix-oil-red,Mehandi Mix Oil (Red),mehandi-mix-oil-red-8211-100-ml,100 ml,180,250
mehandi-mix-oil-red,Mehandi Mix Oil (Red),mehandi-mix-oil-red-8211-500-ml,500 ml,750,1000
mehandi-mix-oil-red,Mehandi Mix Oil (Red),mehandi-mix-oil-red-1-ltr,1 Ltr,1400,1600
aftercare-balm,AfterCare Balm,aftercare-balm-1-piece,1 piece,60,70
aftercare-balm,AfterCare Balm,aftercare-balm-combo-qty-3,3 pieces,165,210
aftercare-oil,AfterCare Oil,aftercare-oil-1-piece,1 piece,60,70
aftercare-oil,AfterCare Oil,aftercare-oil-combo-qty-3,3 pieces,165,210
cone-rolling-pin,Cone Rolling Pin,cone-rolling-pin-bridal-special-10-pieces,Bridal Special - 10 pieces,70,100
cone-rolling-pin,Cone Rolling Pin,cone-rolling-pin-bridal-special-50-pieces,Bridal Special - 50 pieces,299,400
cone-rolling-pin,Cone Rolling Pin,cone-rolling-pin-bridal-special-100-pieces,Bridal Special - 100 pieces,599,700
cone-rolling-pin,Cone Rolling Pin,cone-rolling-pin-normal-tip-10-pieces,Normal Tip - 10 pieces,70,100
cone-rolling-pin,Cone Rolling Pin,cone-rolling-pin-normal-tip-50-pieces,Normal Tip - 50 pieces,299,400
cone-rolling-pin,Cone Rolling Pin,cone-rolling-pin-normal-tip-100-pieces,Normal Tip - 100 pieces,599,700
measurement-cup,Measurement Cup,measurement-cup-20ml,20 ml,25,50
measurement-cup,Measurement Cup,measurement-cup-50ml,50 ml,35,60
measurement-cup,Measurement Cup,measurement-cup-100ml,100 ml,45,70
mehandi-cushion-combo,Mehandi Cushion Combo,mehandi-cushion-premium-quality-qty-1,1 piece,420,550
mehandi-cushion-combo,Mehandi Cushion Combo,mehandi-cushion-combo-2-pieces,2 pieces,750,1100
mehandi-cushion-combo,Mehandi Cushion Combo,mehandi-cushion-combo-6-pieces,6 pieces,2150,3000
pipping-bag,Pipping Bag,pipping-bag-small,Small,100,150
pipping-bag,Pipping Bag,pipping-bag-medium,Medium,150,200
cellotap-machine,Tap Dispenser,cellotap-machine-small,Small,60,
cellotap-machine,Tap Dispenser,cellotap-machine-medium,Medium,100,
cellotap-machine,Tap Dispenser,cellotap-machine-big,Big,180,
spatula,Spatula,spatula-small,Small,70,100
spatula,Spatula,spatula-big,Big,120,150
socks-pair,Socks (Pair),,,30,50
cellotap-bundle,Cellotap Bundle,cellotap-bundle-small-8211-12-pieces,Small (12 pieces),90,120
cellotap-bundle,Cellotap Bundle,cellotap-bundle-big-12-piece,Big (12 pieces),180,200
big-folding-stool,Big Folding Stool,,,400,550
folding-table-medium,Folding Table (Medium),,,450,550
weighing-machine,Weighing Machine,,,270,550
cellophane-sheet-transparent,Cellophane Sheet (Transparent - 210g),,,220,280
cellophane-sheet-printed,Cellophane Sheet (Printed),,,280,350
silver-paper-cellophane-sheet,Cellophane Sheet (Silver and Gold),,,330,450
cone-combo,Cone Combo,cone-combo-6-cone,6 cone,150,200
cone-combo,Cone Combo,cone-combo-12-cone,12 cone,300,400
plastic-pin-100-gm,Plastic Pin (100 gm),,,100,150
acrylic-hand-jumbo,Acrylic Hand (Jumbo),,,350,400
acrylic-leg,Acrylic Leg,,,170,200
jumbo-cellotap,Jumbo Cellotap,,,75,120
